short_code,parameter
%0,Class 0
%1,Class I
%2,Class II
%3,Class III-negative-earth
%4,Class IIFE
%5,Class 0I
%6,Class III-positive-earth
%7,port1PinDesignation
%8,port2PinDesignation
%a,pinMap
%m,midpoint
%n,negative
%o,otherPorts
%p,positive
%v,slave
_0,pinout
_1,port1
_2,port2
_A,alsoMatesWith
_a,any
_d,pinDesignation
_D,dayWh
_E,earthing
_i,insulationClass
_I,inPort
_L,supply
_m,manufacturer
_N,nightWh
_O,offeredFunctions
_o,out
_p,outPort
_P,presentedPE
_r,seriesReactance
_s,serial
_S,storageCapacity
_t,tiedToEarth
_T,turnOffTerminalVoltage
_u,currentLimits
_U,passThru
_V,conversionEfficiency
_v,earthViaDiodes
_y,steadyState
A,master
a,reactance
b,bothways
B,peer
c,connector
D,diode
d,standardProtocol
e,element
E,energyProfile
f,pinfunction
g,galvanicSeparationDomain
G,gender
h,hermaphroditic
H,handheld
i,currentInLimits
I,imaginary
J,timeSeries
K,efficiency
k,socket
L,lowerVoltageLimits
l,protocol
m,interpolationMethod
M,timeLimit
N,numberOfWays
n,portName
O,currentOutLimits
o,output
p,port
P,productName
Q,lin
q,step
R,real
r,requiredFunction
S,signature
s,version
t,input
T,type
u,plug
U,upperVoltageLimits
v,value
V,voltageSource
w,constant_power
x,constant_current
X,fixed
Z,impedance
z,log
