{
    "$schema": "https://json-schema.org/draft-07/schema#",
    "$comment": "This is the JSON schema for validating SunSafe2 product JSON files",
    "title": "Product",
    "type": "object",
    "properties": {
        "shebang": {"type": "string", "const": "SunSafe2"},
        "productName": {"$ref": "#/definitions/names"},
        "port": {
            "anyOf": [
                {"$ref": "#/definitions/port_type"},
                {"type": "array",
                    "items": {"$ref": "#/definitions/port_type"}
                }
            ]
        },
        "passThru": {
            "anyOf": [
                {"$ref": "#/definitions/pass_thru_type"},
                {"type": "array",
                    "items": {"$ref": "#/definitions/pass_thru_type"}
                }
            ]
        },
        "otherPorts": {"$ref": "#/definitions/empty"},
        "handheld": {"$ref": "#/definitions/empty"},
        "insulationClass": {
            "type": "string",
            "enum":["Class 0","Class I","Class 0I","Class II", "Class IIFE",
              "Class III+","Class III-"]},
        "energyProfile": { "$ref": "#/definitions/energy_type"},
        "signature" : {"$ref": "#/definitions/names"}
    },
    "required": [
        "productName",
        "port"
    ],
    "definitions": {
        "port_type": {
            "type": "object",
            "properties": {
                "serial": {"type": "integer"},
                "portName": {"$ref": "#/definitions/names"},
                "element": {
                    "anyOf": [
                        {"$ref": "#/definitions/element_type"},
                        {"type": "array",
                        "description": "...",
                        "items": {"$ref": "#/definitions/element_type"}
                        }
                    ]
                },        
                "connector": {
                    "anyOf": [
                        {"$ref": "#/definitions/connector_type"},
                        {"type": "array",
                        "items": {"$ref": "#/definitions/connector_type"}
                        }
                    ]
                },
                "earthing":  {
                    "type": "string",
                    "enum": ["T+","T-","TV","IT","D+","D-","DV","T+E","T-E","TVE","ITE","D+E","D-E","DVE"]},      
                "lowerVoltageLimits": {"$ref": "#/definitions/val_or_series_type"},
                "upperVoltageLimits": {"$ref": "#/definitions/val_or_series_type"},
                "standardProtocol": {"$ref": "#/definitions/protocol_type"},
                "galvanicSeparationDomain": {"type": "integer", "default": 1}
            },
            "required": [
                "portName"
            ]
        },
        "element_type": { 
            "properties": {
                "voltageSource": {"$ref": "#/definitions/values_type"},
                "any": {"$ref": "#/definitions/empty"},
                "diode": {"type": "string", "enum": ["input","output","bothways"]},
                "impedance": {"$ref": "#/definitions/impedance_type"},
                "currentInLimits": {"$ref": "#/definitions/val_or_series_type"},
                "currentOutLimits": {"$ref": "#/definitions/val_or_series_type"},
                "currentLimits": {"$ref": "#/definitions/val_or_series_type"},
                "turnOffTerminalVoltage": {"type": "number"}
            },
            "required": [
                "voltageSource",
                "diode",
                "impedance"
            ]
        },
        "val_or_series_type": {
            "anyOf": [
                {"$ref": "#/definitions/values_type"},
                {"$ref": "#/definitions/time_series_type"}
            ]
        },
        "values_type": {
            "anyOf": [
                {"type": "number"},
                {"type": "array",
                    "items": {"type": "number"}
                }
            ]
        },
        "time_series_type": {
            "type": "object",
            "properties": {
                "timeSeries": {
                    "type": "array",
                    "items": {"$ref": "#/definitions/time_element_type"}
                },
                "steadyState": {"$ref": "#/definitions/values_type"}             
            }
        },
        "time_element_type": {
            "type": "object",
            "properties": {
                "timeLimit": {"$ref": "#/definitions/positive_type"},
                "value": {"$ref": "#/definitions/values_type"},
                "interpolationMethod": {"type": "string", "enum":["step","lin","log"]}
            }
        },
        "positive_type": {
            "type": "number",
            "exclusiveMinimum": 0
        },
        "impedance_type": {
            "anyOf": [ {
                "type": "object",
                "properties": {
                    "type": {"type": "string", "enum": ["constant_current","constant_power"]},
                    "value": {"$ref": "#/definitions/positive_type"}
                }
            },{
                "type": "object",
                "properties": {
                    "type": {"type": "string", "enum": ["reactance"]},
                    "value": {"$ref": "#/definitions/reactance_type"}
                }
            }]
        },
        "reactance_type": {
            "anyOf": [ 
                {
                    "$ref": "#/definitions/positive_type"
                },
                {
                    "type": "object",
                    "description": "The real number is a resistance in ohms.  The imaginary number will be negative in henries for an inductance and positive in farads for a capacitance",
                    "properties": {
                        "real": {"$ref": "#/definitions/positive_type"},
                        "imaginary": {"type": "number"}
                    }
                }
            ]
        },
        "connector_type": {
            "type": "object",
            "properties": {
                "type": {"$ref": "#/definitions/names"},
                "gender": {"type": "string", "enum": ["plug","socket","hermaphroditic"]},
                "manufacturer":  {"$ref": "#/definitions/names"},
                "pinout": {"$ref": "#/definitions/pinout_type"},
                "fixed": {"$ref": "#/definitions/empty"},
                "numberOfWays": {"type": "integer", "default": 1, "exclusiveMinimum": 0 },
                "alsoMatesWith": {"$ref": "#/definitions/other_conn_type"}
            },
            "required": [
                "type",
                "gender"
            ]
        },
        "other_conn_type": {
            "type": "object",
            "properties": {
                "type": {"$ref": "#/definitions/names"},
                "gender": {"type": "string", "enum": ["plug","socket","hermaphroditic"]},
                "fixed": {"$ref": "#/definitions/empty"}
            }
        },
        "pinout_type": {
            "anyOf": [
                {"$ref": "#/definitions/pin_def_type"},
                {"type": "array",
                    "items": {"$ref": "#/definitions/pin_def_type"}
                }
            ]
        },
        "pin_def_type": {
            "type": "object",
            "properties" : {
                "pinDesignation": {"$ref": "#/definitions/names"},
                "pinFunction":  {"$ref": "#/definitions/names"}
            }
        },
        "energy_type":{
            "type": "object",
            "properties": {
                "dayWh": {"type": "number"},
                "nightWh": {"type": "number"},
                "storageCapacity": {"$ref": "#/definitions/positive_type"},
                "conversionEfficiency": {
                    "anyOf": [
                        {"$ref": "#/definitions/energy_conversion_type"},
                        {"type": "array",
                            "items": {"$ref": "#/definitions/energy_conversion_type"}
                        }
                    ]
                }
            }
        },
       "energy_conversion_type": {
            "type": "object",
            "properties": {
                "inPort": {"type": "integer"},
                "outPort": {"type": "integer"},
                "efficiency": {"type": "integer", "minimum": 0, "exclusiveMaximum": 100 }
            }
        },
        "pass_thru_type": {
            "type": "object",
            "properties": {
                "port1": {"type": "integer"},
                "port2": {"type": "integer"},
                "seriesReactance": {"$ref": "#/definitions/reactance_type"},
                "currentLimits": {"$ref": "#/definitions/val_or_series_type"},
                "pinMap": {
                    "type": "array",
                    "items": {"$ref": "#/definitions/pin_map_type"}
                }
            }
        },
        "pin_map_type": {
            "type": "object",
            "properties": {
                "port1PinDesignation": {"type": "string"},
                "port2PinDesignation": {"type": "string"}
            }
        },
        "protocol_type": {
            "type": "object",
            "properties": {
                "protocol": {"$ref": "#/definitions/names"},
                "protocolDefinition": {"$ref": "#/definitions/prot_def_type"},
                "implementedVersions": {
                    "anyOf": [
                        {"$ref": "#/definitions/names"},
                        {"type": "array", "items": {"$ref": "#/definitions/names"}}
                    ]
                },
                "myRoles": {
                    "anyOf": [
                        {"$ref": "#/definitions/names"},
												{"type": "number"},
                        {"type": "array", "items": {"type": "number"}},
                        {"type": "array", "items": {"$ref": "#/definitions/names"}}
                    ]
                }
            }
        },
        "prot_def_type": {
            "anyOf": [
                {"$ref": "#/definitions/filename"},
                {"$ref": "#/definitions/url"},
                {"type": "object",
                    "properties": {
                        "roles": {
                            "anyOf": [
                                {
                                    "type": "array",
                                    "items": {
                                        "type": "array",
                                        "items": [
                                            {"$ref": "#/definitions/names"},
                                            {"type": "number"},
                                            {"type": "number"}
                                        ]
                                    }
                                },
                                {
                                    "type": "array",
                                    "items": [
                                        {"$ref": "#/definitions/names"},
                                        {"type": "number"},
                                        {"type": "number"}
                                    ]
                                }
                            ]
                        },
                        "comms": {
                            "anyOf": [
                                {
                                    "type": "array",
                                    "items": {
                                        "type": "array",
                                        "items": [
                                            {"type": "number"},
                                            {"type": "number"}
                                        ]
                                    }
                                },
                                {
                                    "type": "array",
                                    "items": [
                                        {"type": "number"},
                                        {"type": "number"}
                                    ]
                                }
                            ]
                        }
                    }
                }
            ]
        },
        "names": {
            "type": "string",
            "description": "Permitted values for connector types, product and port names, pin designations and functions",
            "pattern": "[A-Za-z0-9][A-Za-z0-9.+ _\\-]*[A-Za-z0-9+\\-]"
        },
        "empty": {
            "anyOf": [
                {"type": "null"},
                {"type": "boolean"}
            ]
        },
        "filename": {
            "type": "string",
            "pattern" : "[^<>:;,?*|/]+\\.\\w+"
        },
        "url": {
            "type": "string",
            "pattern": "((http://)|(https://))?[\\w/]+\\.[\\w\\?/&]+"
        }

    }
}