{
  "$comment": "This file contains the default values for various types of appliance",
  "appliances": [
    {
      "apType": "solarPanel",
      "defaultDayHours": 5,
      "defaultNightHours": 0
    },
    {
      "apType": "Lamp",
      "defaultWatts": 5,
      "defaultDayHours": 0,
      "defaultNightHours": 5,
      "defaultVolts": 12,
      "defaultFrequency": 0,
      "averagePower": 5
    },
    {
      "apType": "Television",
      "defaultWatts": 35,
      "defaultDayHours": 1,
      "defaultNightHours": 4,
      "defaultVolts": 230,
      "defaultFrequency": 50,
      "averagePower": 35
    },
    {
      "apType": "Radio",
      "defaultWatts": 8,
      "defaultDayHours": 6,
      "defaultNightHours": 4,
      "defaultVolts": 5,
      "defaultFrequency": 0,
      "averagePower": 8
    },
    {
      "apType": "Blender",
      "defaultWatts": 500,
      "defaultDayHours": 0.07,
      "defaultNightHours": 0,
      "defaultVolts": 230,
      "defaultFrequency": 50,
      "averagePower": 350
    },
    {
      "apType": "Kettle",
      "defaultWatts": 1500,
      "defaultDayHours": 0.16,
      "defaultNightHours": 0,
      "defaultVolts": 230,
      "defaultFrequency": 50,
      "averagePower": 1500
    },
    {
      "apType": "Hair dryer",
      "defaultWatts": 1700,
      "defaultDayHours": 0.1,
      "defaultNightHours": 0,
      "defaultVolts": 230,
      "defaultFrequency": 50,
      "averagePower": 1700
    },
    {
      "apType": "Fan",
      "defaultWatts": 75,
      "defaultDayHours": 2,
      "defaultNightHours": 11,
      "defaultVolts": 230,
      "defaultFrequency": 50,
      "averagePower": 75
    },
    {
      "apType": "Dry iron",
      "defaultWatts": 1000,
      "defaultDayHours": 0.3,
      "defaultNightHours": 0,
      "defaultVolts": 230,
      "defaultFrequency": 50,
      "averagePower": 500
    },
    {
      "apType": "Refrigerator",
      "defaultWatts": 280,
      "defaultDayHours": 12,
      "defaultNightHours": 12,
      "defaultVolts": 230,
      "defaultFrequency": 50,
      "averagePower": 140
    },
    {
      "apType": "Microwave oven",
      "defaultWatts": 700,
      "defaultDayHours": 0.1,
      "defaultNightHours": 0,
      "defaultVolts": 230,
      "defaultFrequency": 50,
      "averagePower": 700
    },
    {
      "apType": "Hifi",
      "defaultWatts": 50,
      "defaultDayHours": 6,
      "defaultNightHours": 4,
      "defaultVolts": 230,
      "defaultFrequency": 50,
      "averagePower": 25
    },
    {
      "apType": "Mobile phone",
      "defaultWatts": 5,
      "defaultDayHours": 1,
      "defaultNightHours": 1,
      "defaultVolts": 5,
      "defaultFrequency": 0,
      "averagePower": 5
    },
    {
      "apType": "Other appliance",
      "defaultWatts": 0,
      "defaultDayHours": 0,
      "defaultNightHours": 0,
      "defaultVolts": 230,
      "defaultFrequency": 50,
      "averagePower": 0
    }

  ]

}
