short_code,parameter
$$,$schema
$a,(none)
$A,Amps
$b,brand
$B,BMSmaster
$c,current
$C,chemistry
$d,connections
$D,output
$e,elements
$E,element
$f,function
$F,frequency
$g,ampsWatts
$G,intAW
$h,input
$m,model
$o,offered
$p,ports
$P,port
$r,required
$R,storageEfficiency
$s,solarWpk
$S,storage
$v,voltage
$V,mustConnect
$W,Watts
~a,ACload
~b,battery
~c,scc
~d,DCin
~e,energy
~f,FLeff
~i,solarOut
~o,ocv
~m,maxocv
~n,solarIn
~o,maxscc
~p,mainsV
~q,mainsA
~r,ctlBattVolts
~s,batteryPort
~t,ctlChem
~u,battVolts
~v,battChem
~w,nomAmps
~x,usbAmps
~y,USBout
~z,ACpwr
~A,ACsupply
~B,ACvout
~C,invInVolts
~D,DCload
~E,ACin
~F,ACout
~G,DCout
~I,SolarIn
~M,maxConn
~O,solarOut
~P,ratedPower
~Q,averagePower
~R,apType
#m,Mains in
#n,name
#o,offers
#p,protocol
#r,requires
#s,Solar panel input
#B,BatteryPort
#D,DC output
#E,efficiency
#L,LVDCsupply
#M,Mains output
#O,solarPanel
#P,perHour
#S,Solar panel output
#T,true
#U,USB output
#Y,mainsSupply
_a,Lamp
_b,Television
_c,Radio
_d,Blender
_e,Kettle
_f,Hair dryer
_g,Fan
_h,Dry iron
_i,Refrigerator
_j,Microwave oven
_k,Hifi
_l,Mobile phone
_m,Other appliance
_p,powerOut
%a,Lead-acid VRLA
%b,Wet lead-acid
%c,Lead-acid AGM
%d,LiFePO4
%e,LiFePO4 with CANbus BMS
%f,NMC
%g,Li-ion
%h,Nickel-cadmium (NiCd)
