{
    "$schema": "https://json-schema.org/draft-07/schema#",
    "type": "object",
    "properties": {
        "$schema": {"type": "string"},
        "voltage": {"$ref": "#/definitions/voltage_type"}
    },
    "additionalProperties": false,
    "definitions": {
        "voltage_type": {
            "type": "array",
            "minItems": 0,
            "items": {
                "type": "array",
                "minItems": 2,
                "items": [
                    {"type": "string", "enum":["requires","offers"]},
                    {"type": "number"}
                ],
                "additionalItems": {"$ref": "#/definitions/any_type"}
            },
            "additionalItems": false
        },
        "any_type": {
            "anyOf": [
               {"type":"string", "enum":["any"]},
               {"type": "number"}
           ]
       }
   }
}