{
    "$schema": "sunsafe2.10.json",
    "product": "Micro1200",
    "description": "Microwave oven",
    "ports": [
        {
            "name": "input",
            "function": {
                "requires": "output"
            },
            "connections": {
                "requires": 1
            },
            "voltage": {
                "requires": [
                    [
                        100,
                        120
                    ],
                    [
                        200,
                        240
                    ]
                ]
            },
            "frequency": {
                "requires": "50-60Hz"
            },
            "ampsWatts": {
                "requires": {
                    "value": -1200,
                    "units": "Watts"
                }
            },
            "protocol": {
                "requires": "(none)"
            }
        }
    ],
    "energy": {
        "dayHrs": 0.08,
        "nightHrs": 0,
        "perHour": -1200
    }
}