{
    "$schema": "..\/sunsafe2.10.json",
    "product": "SHS21",
    "description": "Charge controller",
    "functions": [
        "Solar controller",
        "General input",
        "Charge controller",
        "Discharge controller"
    ],
    "ports": [
        {
            "name": "SolarIn",
            "function": {
                "offers": "solarIn"
            },
            "connections": {
                "offers": "U"
            },
            "voltage": {
                "offers": [
                    [
                        80,
                        80
                    ]
                ]
            },
            "ampsWatts": {
                "offers": {
                    "value": -8,
                    "units": "A"
                }
            },
            "protocol": {
                "offers": "solarIn"
            }
        },
        {
            "name": "Mains in",
            "function": {
                "requires": "output"
            },
            "connections": {
                "requires": 1
            },
            "voltage": {
                "requires": [
                    [
                        100,
                        240
                    ]
                ]
            },
            "ampsWatts": {
                "requires": {
                    "value": "4",
                    "units": "Amps"
                }
            },
            "frequency": {
                "requires": "50-60Hz"
            },
            "protocol": {
                "offers": "",
                "requires": ""
            }
        },
        {
            "name": "battPort",
            "function": {
                "offers": "battPort"
            },
            "connections": {
                "offers": "U"
            },
            "voltage": [
                [
                    12,
                    12
                ]
            ],
            "protocol": {
                "offers": [
                    "Lead-acid VRLA",
                    "Wet lead-acid",
                    "Lead-acid AGM",
                    "LiFePO4",
                    "NMC"
                ]
            }
        },
        {
            "name": "DC output",
            "function": {
                "offers": "output"
            },
            "connections": {
                "offers": "U"
            },
            "voltage": {
                "offers": [
                    [
                        12,
                        12
                    ]
                ]
            },
            "ampsWatts": {
                "offers": {
                    "value": 8,
                    "units": "Amps"
                }
            },
            "frequency": {
                "offers": "DC(0Hz)"
            },
            "protocol": {
                "offers": "",
                "requires": ""
            }
        },
        {
            "name": "Mains output",
            "function": {
                "offers": "output"
            },
            "connections": {
                "offers": "U"
            },
            "voltage": {
                "offers": [
                    [
                        230,
                        230
                    ]
                ]
            },
            "ampsWatts": {
                "offers": {
                    "value": 500,
                    "units": "Watts"
                }
            },
            "frequency": {
                "offers": "50Hz"
            },
            "protocol": {
                "offers": "",
                "requires": ""
            }
        },
        {
            "name": "USB Phone charger",
            "function": {
                "offers": "output"
            },
            "connections": {
                "offers": "1"
            },
            "voltage": {
                "offers": [
                    [
                        5,
                        5
                    ],
                    [
                        9,
                        9
                    ],
                    [
                        12,
                        12
                    ],
                    [
                        15,
                        15
                    ],
                    [
                        20,
                        20
                    ]
                ]
            },
            "ampsWatts": {
                "offers": {
                    "value": 2.1,
                    "units": "Amps"
                }
            },
            "frequency": {
                "offers": "DC(0Hz)"
            },
            "protocol": {
                "offers": "USB PD2.1 master",
                "requires": "USB PD2.1 slave"
            }
        }
    ],
    "energy": {
        "dayHrs": 12,
        "nightHrs": 12,
        "perHour": "5",
        "perDay": -60,
        "perNight": -60,
        "efficiency": "95"
    }
}