{
    "$schema": "..\/sunsafe2.10.json",
    "product": "SHS22",
    "description": "Charge controller",
    "functions": [
        "Battery",
        "Discharge controller"
    ],
    "ports": [
        {
            "name": "DC output",
            "function": {
                "offers": "output"
            },
            "connections": {
                "offers": 1
            },
            "voltage": {
                "offers": [
                    [
                        12,
                        12
                    ]
                ]
            },
            "ampsWatts": {
                "offers": {
                    "value": 8,
                    "units": "Amps"
                }
            },
            "frequency": {
                "offers": "DC(0Hz)"
            },
            "protocol": {
                "offers": "",
                "requires": ""
            }
        },
        {
            "name": "USB Phone charger",
            "function": {
                "offers": "output"
            },
            "connections": {
                "offers": 1
            },
            "voltage": {
                "offers": [
                    [
                        5,
                        5
                    ],
                    [
                        9,
                        9
                    ],
                    [
                        12,
                        12
                    ],
                    [
                        15,
                        15
                    ],
                    [
                        20,
                        20
                    ]
                ]
            },
            "ampsWatts": {
                "offers": {
                    "value": 2.1,
                    "units": "Amps"
                }
            },
            "frequency": {
                "offers": "DC(0Hz)"
            },
            "protocol": {
                "offers": "USB PD2.1 master",
                "requires": "USB PD2.1 slave"
            }
        }
    ],
    "energy": {
        "capacity": 204,
        "battEff": 0.85,
        "dayHrs": 12,
        "nightHrs": 12,
        "perHour": 5,
        "perDay": -60,
        "perNight": -60,
        "efficiency": 0.95
    }
}