{
    "$schema": "sunsafe2.10.json",
    "product": "Solar200",
    "description": "Solar panel",
    "ports": [
        {
            "name": "Out",
            "function": {
                "requires": "solarIn"
            },
            "connections": {
                "requires": 1
            },
            "voltage": {
                "requires": [
                    [
                        80,
                        80
                    ]
                ]
            },
            "ampsWatts": {
                "requires": {
                    "value": -8,
                    "units": "Amps"
                }
            },
            "protocol": {
                "requires": "solarIn"
            }
        }
    ],
    "energy": {
        "perHour": 200
    }
}