{
    "$schema": "sunsafe2.10.json",
    "product": "TV19",
    "description": "Television",
    "ports": [
        {
            "name": "input",
            "function": {
                "requires": "output"
            },
            "connections": {
                "requires": 1
            },
            "voltage": {
                "requires": [
                    [
                        11.4,
                        12.6
                    ]
                ]
            },
            "frequency": {
                "requires": "DC(0Hz)"
            },
            "ampsWatts": {
                "requires": {
                    "value": -30,
                    "units": "Watts"
                }
            },
            "protocol": {
                "requires": "(none)"
            }
        }
    ],
    "energy": {
        "dayHrs": 2,
        "nightHrs": 4,
        "perHour": -30
    }
}