{
    "$schema": "..\/sunsafe2.10.json",
    "product": "Yuasa NP17",
    "description": "Battery",
    "ports": [
        {
            "name": "battery",
            "function": {
                "requires": "battPort"
            },
            "connections": {
                "requires": 1
            },
            "voltage": {
                "requires": [
                    [
                        12,
                        12
                    ]
                ]
            },
            "protocol": {
                "requires": "Lead-acid AGM"
            }
        }
    ],
    "energy": {
        "perHour": 0,
        "capacity": 204,
        "efficiency": 0.85
    }
}