{
    "$schema" : "product-schema.json",
    "shebang": "SunSafe2",
    "productName": "shs",
    "port": [{
        "serial": 1,
        "portName": "solar_in",
        "element": [{
            "voltageSource": 1,
            "diode": "input",
            "impedance": {
                "type": "reactance",
                "real": [20,1000]
            },
            "currentInLimits": 5
        }],
        "lowerVoltageLimits": -0.1,
        "upperVoltageLimits": 100,
        "connector": {
            "type": "IBM_square",
            "gender": "socket",
            "fixed": null,
            "numberOfWays": 1
        }
    },
    {
        "portName": "Out12V",
        "serial": 2,
        "element": {
            "voltageSource": [11.5,12.5],
            "diode": "output",
            "impedance": {
                "type": "reactance",
                "real": 0.01
            },
            "currentOutLimits": 8
        },
        "connector": [{
            "type": "B_5525",
            "gender": "socket",
            "fixed": null,
            "numberOfWays": 3
        },
        {
            "type": "B_7406",
            "gender": "socket",
            "fixed": null,
            "numberOfWays": 2
        }]
    },
    {
        "portName": "batt",
        "serial": 3,
        "element": {
            "voltageSource": 14.3,
            "diode": "bothways",
            "impedance": {
                "type": "constant_current",
                "value": 4
            }
        },
        "connector": {
            "type": "screw",
            "gender": "socket",
            "numberOfWays": 4
        },
        "standardProtocol": {
            "protocol": "VRLA",
						"protocolDefinition": {
							"roles": [["battPt",1,1],["batt",1,1]],
							"comms": [0,1]
						},
            "implementedVersions": ["12V","24V"],
            "myRoles": "battPt"
        }
    },
    {
        "portName": "USBout",
        "serial": 4,
        "element": {
            "voltageSource": [4.8,5.1],
            "diode": "output",
            "impedance": {
                "type": "reactance",
                "real": 0.01
            },
            "currentOutLimits": 0.5
        },
        "connector": {
            "type": "USB_A",
            "gender": "socket",
            "fixed": null,
            "numberOfWays": 2
        },
        "standardProtocol": {
					"protocol": "QC",
					"implementedVersions": "3.0",
					"protocolDefinition": {
						"roles": [["master",1,1],["slave",1,1]],
						"comms": [0,1]
					}
        }
    }],
    "energyProfile": {
        "dayWh": -4,
        "nightWh": -4,
        "storageCapacity": 500,
        "conversionEfficiency": [
            {
                "inPort" : 1,
                "outPort": 2,
                "efficiency": 90
            },
            {
                "inPort" : 1,
                "outPort": 3,
                "efficiency": 90
            },
            {
                "inPort" : 3,
                "outPort": 2,
                "efficiency": 90
            },
            {
                "inPort" : 1,
                "outPort": 4,
                "efficiency": 90
            },
            {
                "inPort" : 3,
                "outPort": 4,
                "efficiency": 90
            }
        ]
    }
}