{
    "$schema" : "product-schema.json",
    "shebang": "SunSafe2",
    "productName": "solar_panel",
    "port": [{
        "portName": "out",
        "element": [
            {
                "voltageSource": [0,80],
                "diode": "_o",
                "impedance": {
                    "type": "_z",
                    "value": 40
                }
            }
        ],
        "connector": {
            "type": "MC4",
            "gender": "plug",
            "manufacturer": "Phoenix Contact",
            "fixed": null,
            "galvanicSeparationDomain": 1
        }
    }],
    "energyProfile": {
        "dayWh": 100,
        "nightWh": 0
    }
}


