{
    "$schema": "sunsafe2.9.json",
    "brand": "Yuasa",
    "model": "1000",
    "ports": [
        {
            "name": "battery",
            "function": [
                "requires",
                "battPort"
            ],
            "connections": [
                "requires",
                1
            ],
            "voltage": [
                "requires",
                "12",
                "12"
            ],
            "protocol": [
                "requires",
                "Lead-acid VRLA"
            ]
        }
    ],
    "energy": {
        "storage": 240,
        "perHour": 0,
        "capacity": "20",
        "efficiency": "85"
    }
}