{
    "$schema": "sunsafe2.9.json",
    "brand": "Premier",
    "model": "2023",
    "ports": [
        {
            "name": [
                "SolarIn"
            ],
            "function": [
                "offers",
                "solarIn"
            ],
            "connections": [
                "offers",
                "-1"
            ],
            "voltage": [
                "offers",
                0,
                80
            ],
            "ampsWatts": [
                "offers",
                -7,
                0
            ],
            "pUnits": "amps",
            "protocol": [
                "offers",
                "solarIn"
            ]
        },
        {
            "name": "battPort",
            "function": [
                "offers",
                "battPort"
            ],
            "connections": "-1",
            "voltage": [
                "offers",
                "12"
            ],
            "protocol": [
                "offers",
                "Lead-acid VRLA",
                "Wet lead-acid"
            ]
        }
    ],
    "energy": {
        "perDay": 1.2,
        "perNight": 1.2,
        "efficiency": "95"
    }
}