{
    "$schema": "sunsafe2.9.json",
    "brand": "Inverter",
    "model": "1000W",
    "ports": [
        {
            "name": "DCin",
            "function": [
                "requires",
                "output"
            ],
            "connections": [
                "requires",
                1
            ],
            "voltage": [
                "requires",
                11,
                13
            ],
            "ampsWatts": [
                "requires",
                "100",
                "A"
            ],
            "frequency": [
                "requires",
                "0Hz"
            ],
            "protocol": [
                "requires",
                "(none)"
            ]
        },
        {
            "name": "MainsOut",
            "function": [
                "offers",
                "output"
            ],
            "connections": [
                "offers",
                "U"
            ],
            "voltage": [
                "offers",
                230
            ],
            "ampsWatts": [
                "offers",
                1000,
                "W"
            ],
            "frequency": [
                "offers",
                "50Hz"
            ],
            "protocol": [
                "offers",
                "(none)"
            ]
        }
    ],
    "energy": {
        "perDay": -240,
        "perNight": -240,
        "efficiency": "95"
    }
}