{
    "$schema": "sunsafe2.9.json",
    "brand": "Premier",
    "model": "23524",
    "apType": "Lamp",
    "ports": [
        {
            "name": "PowerIn",
            "function": [
                "requires",
                "output"
            ],
            "connections": [
                "requires",
                1
            ],
            "voltage": [
                "requires",
                11.4,
                12.6
            ],
            "frequency": [
                "requires",
                "0Hz"
            ],
            "ampsWatts": [
                "requires",
                "0.5",
                "A"
            ],
            "protocol": [
                "requires",
                "(none)"
            ]
        }
    ],
    "energy": {
        "perHour": -5
    }
}