{
    "$schema": "sunsafe2.9.json",
    "brand": "SHSo",
    "model": "SHS4",
    "ports": [
        {
            "name": "SolarIn",
            "function": [
                "offers",
                "solarIn"
            ],
            "connections": [
                "offers",
                "1"
            ],
            "voltage": [
                "offers",
                0,
                80
            ],
            "ampsWatts": [
                "offers",
                -9,
                "A"
            ],
            "protocol": [
                "offers",
                "solarIn"
            ]
        },
        {
            "name": "Mains in",
            "function": [
                "requires",
                "output"
            ],
            "connections": [
                "requires",
                1
            ],
            "voltage": [
                "requires",
                100,
                245
            ],
            "ampsWatts": [
              "requires",
              "6",
              "A"
            ],
            "frequency": [
                "requires",
                "50Hz",
                "60Hz"
            ],
            "protocol": [
                "requires",
                "(none)"
            ]
        },
        {
            "name": "battPort",
            "function": [
                "offers",
                "battPort"
            ],
            "connections": [
                "offers",
                "1"
            ],
            "voltage": [
                "offers",
                "12"
            ],
            "protocol": [
                "offers",
                "Lead-acid VRLA",
                "Wet lead-acid",
                "Lead-acid AGM"
            ]
        },
        {
            "name": "LVDC out",
            "function": [
                "offers",
                "output"
            ],
            "connections": [
                "offers",
                5
            ],
            "voltage": [
                "offers",
                11.4,
                12.6
            ],
            "ampsWatts": [
              "offers",
              "120",
              "A"
            ],
            "frequency": [
                "offers",
                "0Hz"
            ],
            "protocol": [
                "offers",
                "(none)"
            ]
        },
        {
            "name": "Mains out",
            "function": [
                "offers",
                "output"
            ],
            "connections": [
                "offers",
                "U"
            ],
            "voltage": [
                "offers",
                218.5,
                241.5
            ],
            "ampsWatts": [
              "offers",
              3,
              "A"
            ],
            "frequency": [
                "offers",
                "50Hz"
            ],
            "protocol": [
                "offers",
                "(none)"
            ]
        }
    ],
    "energy": {
        "perDay": -60,
        "perNight": -60,
        "efficiency": "95"
    }
}