{
    "$schema": "sunsafe2.9.json",
    "brand": "SHSo",
    "model": "SHS5",
    "ports": [
        {
            "name": "SolarIn",
            "function": [
                "offers",
                "solarIn"
            ],
            "connections": [
                "offers",
                "U"
            ],
            "voltage": [
                "offers",
                0,
                79
            ],
            "ampsWatts": [
                "offers",
                -7,
                "A"
            ],
            "protocol": [
                "offers",
                "solarIn"
            ]
        },
        {
            "name": "Mains in",
            "function": [
                "requires",
                "output"
            ],
            "connections": [
                "requires",
                1
            ],
            "voltage": [
                "requires",
                100,
                245
            ],
            "ampsWatts": [
                "requires",
                "6"
            ],
            "frequency": [
                "requires",
                "50Hz",
                "60Hz"
            ],
            "protocol": [
                "requires",
                "(none)"
            ]
        },
        {
            "name": "battPort",
            "function": [
                "offers",
                "battPort"
            ],
            "connections": [
                "offers",
                "U"
            ],
            "voltage": [
                "offers",
                12
            ],
            "protocol": [
                "offers",
                "Lead-acid VRLA",
                "Wet lead-acid",
                "LiFePO4"
            ]
        },
        {
            "name": "LVDC out",
            "function": [
                "offers",
                "output"
            ],
            "connections": [
                "offers",
                "U"
            ],
            "voltage": [
                "offers",
                11.4,
                12.6
            ],
            "ampsWatts": [
                "offers",
                100,
                "W"
            ],
            "frequency": [
                "offers",
                "0Hz"
            ],
            "protocol": [
                "offers",
                "(none)"
            ]
        }
    ],
    "energy": {
        "perDay": -1.2,
        "perNight": -1.2,
        "efficiency": "95"
    }
}