{
    "$schema": "sunsafe2.9.json",
    "brand": "SolarP",
    "model": "1000",
    "apType": "solarPanel",
    "ports": [
        {
            "name": "SolarOut",
            "function": [
                "requires",
                "solarIn"
            ],
            "connections": [
                "requires",
                1
            ],
            "voltage": [
                "requires",
                0,
                80
            ],
            "ampsWatts": [
                "requires",
                -6,
                "A"
            ],
            "protocol": [
                "requires",
                "solarIn"
            ]
        }
    ],
    "energy": {
        "perHour": 200
    }
}