{
    "$schema": "sunsafe2.9.json",
    "brand": "Cello",
    "model": "12\"",
    "apType": "Television",
    "ports": [
        {
            "name": "input",
            "function": [
                "requires",
                "output"
            ],
            "connections": [
                "requires",
                1
            ],
            "voltage": [
                "requires",
                218.5,
                241.5
            ],
            "frequency": [
                "requires",
                "50Hz"
            ],
            "ampsWatts": [
                "requires",
                "35",
                "W"
            ],
            "protocol": [
                "requires",
                "(none)"
            ]
        }
    ],
    "energy": {
        "perHour": -35
    }
}