{
    "$schema": "sunsafe2.7",
    "brand": "Premier",
    "model": "23524",
    "ports": [
        {
            "name": "DC in",
            "function": [
                "requires",
                "PowerOut"
            ],
            "voltage": [
                "requires",
                12
            ],
            "current": [
                "requires",
                175.44
            ]
        },
        {
            "name": "AC out",
            "function": [
                "offers",
                "PowerOut",
                0,
                -1
            ],
            "voltage": [
                "offers",
                230
            ],
            "current": [
                "offers",
                4.35
            ],
            "frequency": [
                "offers",
                "50Hz"
            ]
        }
    ],
    "energy": {
        "perHour": 0.1,
        "efficiency": 95
    }
}