{"$schema":"..\/Sunsafe2.4.json","brand":" Premier","model":"SHS3","ports":[{"name":"Solar panel input","function":["offers","solarIn",1,-1],"elements":[{"voltage":["requires",0,80],"current":["offers",0,15]}]},{"name":"Battery connection","function":["offers","batteryPort",1,-1],"elements":[{"voltage":["offers","12","24"],"current":["offers","5"],"ctlChem":["requires","Lead-acid VRLA"],"BMSmaster":["offers","(none)"]}]},{"name":"DC output_1","function":["offers","LVDCsupply",0,-1],"elements":[{"voltage":["offers",12],"current":["offers","3","Amps"],"protocol":["offers","(none)"]}]},{"name":"DC output_2","function":["offers","LVDCsupply",0,-1],"elements":[{"voltage":["offers",12],"current":["offers","3","Amps"],"protocol":["offers","(none)"]}]},{"name":"USB output_1","function":["offers","USBout",0,1],"elements":[{"voltage":["offers",5],"current":["offers",2.1,"Amps"],"protocol":["offers","USB PD2.0"]}]},{"name":"USB output_2","function":["offers","USBout",0,1],"elements":[{"voltage":["offers",5],"current":["offers",2.1,"Amps"],"protocol":["offers","USB PD2.0"]}]},{"name":"Mains output","function":["offers","ACsupply",0,-1],"elements":[{"voltage":["offers",230],"frequency":["offers","50Hz"],"current":["offers",0,15]}]}],"energy":{"perHour":[["requires","0"]],"efficiency":"95"}}