{
    "$schema": "sunsafe2.7.json",
    "brand": "Yuasa",
    "model": "Y17",
    "ports": [
        {
            "name": "battery",
            "function": [
                "requires",
                "BatteryPort"
            ],
            "voltage": [
                "requires",
                "12",
                "12"
            ],
            "protocol": [
                "offers",
                "Lead-acid VRLA"
            ]
        }
    ],
    "energy": {
        "storage": 204,
        "perHour": 0,
        "capacity": 204,
        "efficiency": "85"
    }
}