{
    "$schema" : "product-schema.json",
    "productName": "110V load_200mA",
    "insulationClass": "Class II",
    "port": {
        "portName": "in",
        "element": [
            {
                "voltageSource": [2,3,4],
                "diode": "in",
                "impedance": {
                    "type": "constant_current",
                    "value": 0.20
                },
                "currentInLimits": {
                    "timeSeries": [
                        {
                            "timeLimit": 2.5E-2,
                            "value": 0,
                            "interpolationMethod": "step"
                        },
                        {
                            "timeLimit": 0.6,
                            "value": 70,
                            "interpolationMethod": "log"
                        },
                        {
                            "timeLimit": 15,
                            "value": 80,
                            "interpolationMethod": "lin"
                        }
                    ],
                    "steadyState": 90
                }
           }

        ],
        "lowerVoltageLimits": {
            "timeSeries" : [
                {
                    "timeLimit": 2E-2,
                    "value": 0,
                    "interpolationMethod": "step"
                },
                {
                    "timeLimit": 0.5,
                    "value": 70,
                    "interpolationMethod": "step"
                },
                {
                    "timeLimit": 10,
                    "value": 80,
                    "interpolationMethod": "step"
                }
            ],
            "steadyState": 90
        },
        "upperVoltageLimits": {
            "timeSeries" : [
                {
                    "timeLimit": 1E-4,
                    "value": 500,
                    "interpolationMethod": "step"
                },
                {
                    "timeLimit": 1E-3,
                    "value": 200,
                    "interpolationMethod": "log"
                },
                {
                    "timeLimit": 3E-3,
                    "value": 140,
                    "interpolationMethod": "log"
                },
                {
                    "timeLimit": 0.5,
                    "value": 120,
                    "interpolationMethod": "step"
                }
            ],
            "steadyState": 110
        },
        "connector": {
            "type": "NEMA",
            "gender": "plug"
        }
    }
}