{   
    "$schema" : "product-schema.json",
    "shebang": "SunSafe2",
    "productName": "battery",
    "port": [{
        "portName": "terminals",
        "serial": 1,
        "element": [
            {
                "voltageSource": [10.0,14.0],
                "diode": "bothways",
                "impedance": {
                    "type": "reactance",
                    "real": 0.01
                },
                "currentOutLimits": [200],
                "currentInLimits": 60
            }
        ],
        "connector": {
            "type": "batt_terms",
            "gender": "plug",
            "fixed": null,
            "numberOfWays": 1,
            "galvanicSeparationDomain": 1
        },
        "standardProtocol": {
            "protocol": "VRLA"
        }
    }],
    "energyProfile": {
        "dayWh": -4,
        "nightWh": -4,
        "storageCapacity": 500,
        "conversionEfficiency": {
            "inPort" : 1,
            "outPort": 1,
            "efficiency": 85
        }
    }
}


