{
    "$schema" : "product-schema.json",
    "productName": "CurrentOS 3.4kW load2",
    "port": {
        "portName": "in",
        "element": [
            {
                "voltageSource": 330,
                "diode": "in",
                "impedance": {
                    "type": "constant_current",
                    "value": 10
                },
                "turnOffTerminalVoltage": 340
            },
            {
                "voltageSource": 340,
                "diode": "in",
                "impedance": {
                    "type": "constant_power",
                    "value": 3400
                }
            }
        ],
        "standardProtocol": {
            "protocol": "CurrentOS",
            "protocolDefinition": {
                "roles": [["controller",1,1],["supply",1,-1],["load",1,-1]],
                "comms": [[0,1],[0,2]]
            },
            "implementedVersions": "1.12",
            "myRoles": ["load"]
        }
    },
    "insulationClass": "Class 0I"
}