{
    "$schema" : "product-schema.json",
    "productName": "CurrentOS 3.4kW load",
    "insulationClass": "Class 0I",
    "port": {
        "portName": "in",
        "element": [
            {
                "voltageSource": 330,
                "diode": "in",
                "impedance": {
                    "type": "constant_current",
                    "value": 10
                },
                "turnOffTerminalVoltage": 340
            },
            {
                "voltageSource": 340,
                "diode": "in",
                "impedance": {
                    "type": "constant_power",
                    "value": 3400
                }
            }
        ]
        ,
        "lowerVoltageLimits": {
            "timeSeries": [{
                "timeLimit": 5E-5,
                "value": 0,
                "interpolationMethod": "step"
            },
            {
                "timeLimit": 600,
                "value": 250,
                "interpolationMethod": "step"
            }],
            "steadyState": 320
        },
        "upperVoltageLimits": {
            "timeSeries": [{
                "timeLimit": 1E-5,
                "value": 540,
                "interpolationMethod": "step"
            },
            {
                "timeLimit": 1,
                "value": 420,
                "interpolationMethod": "step"
            },
            {
                "timeLimit": 600,
                "value": 400,
                "interpolationMethod": "step"
            }],
            "steadyState": 380
        },        
        "standardProtocol": {
            "protocol": "CurrentOS",
						"protocolDefinition": {
							"roles": [["controller",1,1],["supply",1,-1],["load",1,-1]],
							"comms": [[0,1],[0,2]]
						},
            "implementedVersions": "1.12",
            "myRoles": [0,1]
        }
    }
}