{
    "$schema" : "product-schema.json",
    "productName": "CurrentOS 4kW supply",
    "port": {
        "portName": "out",
        "element": {
            "voltageSource": [330,380],
            "diode": "output",
            "impedance": {
                    "type": "reactance",
                "value": 0.25
            },
            "currentOutLimits": 11.4
        },
        "lowerVoltageLimits": {
            "timeSeries": [{
                "timeLimit": 5E-5,
                "value": 0,
                "interpolationMethod": "step"
            },
            {
                "timeLimit": 600,
                "value": 250,
                "interpolationMethod": "step"
            }],
            "steadyState": 320
        },
        "upperVoltageLimits": {
            "timeSeries": [{
                "timeLimit": 1E-5,
                "value": 540,
                "interpolationMethod": "step"
            },
            {
                "timeLimit": 1,
                "value": 420,
                "interpolationMethod": "step"
            },
            {
                "timeLimit": 600,
                "value": 400,
                "interpolationMethod": "step"
            }],
            "steadyState": 380
        },        
        "earthing": "D-E",
        "standardProtocol": {
            "protocol": "CurrentOS",
            "protocolDefinition": "CurrentOS.json",
            "myRoles": ["controller","supply"]
        }
    }
}