{
    "$schema" : "product-schema.json",
    "productName": "HP_laptop_psu",
    "port": {
        "portName": "out",
        "element": [
            {
                "voltageSource": 19,
                "diode": "out",
                "impedance": {
                    "type": "reactance",
                    "real": 0.1
                },
                "currentOutLimits": 4
            }
        ],
        "connector": {
            "type": "B_7406",
            "gender": "plug"
        },
            "standardProtocol": {
            "protocol": "HP"
        }
    }
}