{
    "$schema" : "../product-schema.json",
    "shebang": "SunSafe2",
    "productName": "load1",
    "port": {
        "portName": "in",
        "element": 
            {
                "voltageSource": 2,
                "diode": "input",
                "impedance": {
                    "type": "constant_current",
                    "value": 0.20
                }
            },
        "lowerVoltageLimits": 9,
        "upperVoltageLimits": 14,
        "connector": {
            "type": "barrel_5525",
            "gender": "plug"
        }
    }
}