{
    "$schema" : "product-schema.json",
    "productName": "mobile_phone",
    "port": [
        {
            "portName": "in",
            "connector": {
                "type": "USB-C",
                "gender": "socket",
                "fixed": null
            },
            "standardProtocol": {
                "protocol": "QC",
                "implementedVersions": "3.0",
                "protocolDefinition": {
									"roles": [["supply",1,1],["load",1,1]],
									"comms": [0,1]
								},
                "myRoles": 1
            }
        },
        {
            "portName": "earphone"
        }
    ]
}