{
    "$schema" : "product-schema.json",
    "productName": "USB-C_psu",
    "port": {
        "portName": "out",
        "element": [
            {
                "voltageSource": [5,9,12,15,20],
                "any": null,
                "diode": "out",
                "impedance": {
                    "type": "reactance",
                    "real": 0.1
                },
                "currentOutLimits": 5
            }
        ],
        "connector": {
            "type": "USB-C",
            "gender": "socket",
            "fixed": null,
            "numberOfWays": 2
        },
        "standardProtocol": {
            "protocol": "USB-PD",
            "version": "2.0"
        }
    }
}