{
    "$schema" : "product-schema.json",
    "productName": "USB-C lead",
    "port": [
        {
            "portName": "P1",
            "serial": 1,
            "connector": {
                "type": "USB-C",
                "gender": "plug"
            }
        },
        {
            "portName": "P2",
            "serial": 2,
            "connector": {
                "type": "USB-C",
                "gender": "plug"
            }
        }
    ],
    "passThru":{
        "port1": 1,
        "port2": 2,
        "seriesReactance": 0.1,
        "currentLimits": 3
    }

}