{
    "$schema" : "product-schema.json",
    "productName": "universal_wallwart",
    "port": {
        "portName": "out",
        "element": [
            {
                "voltageSource": [4.5,6,7.5,9,12],
                "any": null,
                "diode": "out",
                "impedance": {
                    "type": "reactance",
                    "real": 0.1
                },
                "currentOutLimits": 2
            }
        ],
        "connector": [
            {
                "type": "B_3110",
                "gender": "plug"
            },
            {
                "type": "B_3520",
                "gender": "plug"
            },
            {
                "type": "B_4515",
                "gender": "plug"
            },
            {
                "type": "B_5521",
                "gender": "plug"
            },
            {
                "type": "B_5525",
                "gender": "plug"
            }
        ]
    }
}