shortCode,parameter
$$,$schema
$a,product
$b,description
$c,functions
$d,ports
$e,energy
$f,dayHrs
$g,nightHrs
$h,perHour
$i,perDay
$j,perNight
$k,capacity
$l,efficiency
$m,battEff
$n,name
$o,function
$p,connections
$q,voltage
$r,ampsWatts
$s,protocol
$t,requires
$u,offers
$v,value
$w,units
$x,frequency
shortCode,infrastructure
?a,Charge controller
?b,Battery
?c,Power converter/inverter
shortCode,appliances
@e,Lamp
@f,Television
@g,Radio
@h,Blender
@i,Kettle
@j,Hair dryer
@k,Fan
@l,Dry iron
@m,Refrigerator
@n,Microwave oven
@o,HiFi
@p,Mobile phone
@q,Cordless appliance
shortCode,battery chemistry
%a,Lead-acid VRLA
%b,Wet lead-acid
%c,Lead-acid AGM
%d,LiFePO4
%e,LiFePO4 w/CANbus BMS
%f,NMC
%g,Li-ion
%h,Nickel-cadmium (NiCd)
shortCode,power
~A,amp-hours(Ah)
~W,watt-hours(Wh)
!A,Amps
!W,Watts
shortCode,protocols
^0,(none)
^a,USB PD2.1 master
^b,USB PD2.1 slave
^c,USB PD2.0 master
^d,USB PD2.0 slave
^e,Qualcomm QC3.0 master
^f,Qualcomm QC3.0 slave
^g,CurrentOS master
^h,CurrentOS slave
shortCode,frequency
&0,DC(0Hz)
&5,50Hz
&6,60Hz
&a,50-60Hz
shortCode,system functions
#a,Solar panel
#b,General input
#c,Solar controller
#d,Charge controller
#e,Battery
#f,Discharge controller
#g,Appliance
shortCode,otherValues
_a,Input
_b,Output
_c,Mains output
_d,DC output
_e,USB output
_f,solarIn
_g,output
_h,battPort
_i,input
_j,output
_k,SolarIn
