{
    "$schema": "https://json-schema.org/draft-07/schema#",
    "$comment": "This is the JSON schema for validating SunSafe2.10 product JSON files",
    "title": "Sunsafe",
    "type": "object",
    "properties": {
        "$schema": {"type": "string"},
        "product": {"type": "string"},
        "description": {"type": "string"},
        "functions":{
            "anyOf": [
                {"$ref": "#/definitions/functions"},
                {"type": "array", "items": {"$ref": "#/definitions/functions"}}
            ]
        },
        "ports": {"type": "array",
            "minItems": 1,
            "items": {"$ref": "#/definitions/port_type"}
            },
        "energy": {
            "type" : "object",
            "properties": {
                "dayHrs": {"type": "number", "minimum": 0, "exclusiveMaximum": 24},
                "nightHrs": {"type": "number", "minimum": 0, "exclusiveMaximum": 24},
                "perHour": {"type": "number"},
                "perDay": {"type": "number"},
                "perNight": {"type": "number"},
                "capacity": {"type": "number", "minimum": 0},
                "efficiency": {"type": "number", "exclusiveMinimum": 0, "maximum": 1},
                "battEff": {"type": "number", "exclusiveMinimum": 0, "maximum": 1}
            }
         }
    },
    "required": [
        "$schema",
        "product",
        "ports",
        "energy"
    ],
    "additionalProperties": false,
    "definitions":  {
        "functions": {
            "type": "string", "enum": ["Solar panel","General input","Solar controller","Charge controller","Battery","Discharge controller","Appliance"]
        },
        "port_type": {
            "type": "object",
            "properties": {
                "name": {"type": "string"},
                "function": {"type": "object",
                    "properties": {
                        "requires": {"type": "string"},
                        "offers": {"type": "string"}
                    }
                },
                "connections": {"type": "object",
                    "properties": {
                        "requires": {"$ref": "#/definitions/connCount"},
                        "offers": {"$ref": "#/definitions/connCount"}
                    }
                },
                "voltage": {"type": "object",
                    "properties": {
                        "requires": {"$ref": "#/definitions/voltageType"},
                        "offers": {"$ref": "#/definitions/voltageType"}
                    }
                },
                "ampsWatts": {"type": "object",
                    "properties": {
                        "requires": {"$ref": "#/definitions/powerType"},
                        "offers": {"$ref": "#/definitions/powerType"}
                    }
                },
                "protocol": {"type": "object",
                    "properties": {
                        "requires": {
                            "anyOf": [
                                {"type": "string"},
                                {"type": "array", "items": {"type": "string"}}
                            ]
                        },
                        "offers": {
                            "anyOf": [
                                {"type": "string"},
                                {"type": "array", "items": {"type": "string"}}
                            ]
                        }
                    }
                }
            },
            "required": [
                "name",
                "function",
                "voltage"
            ],
            "additionalProperties": false
        },
        "connCount": {
            "anyOf": [
                {"type": "integer", "exclusiveMinimum": 0},
                {"const": "U"}
            ]
        },
        "voltageType": {
            "type": "array", "items": {"type": "array", "items": {"type": "number"}}
        },
        "powerType": {
            "type": "object",
            "properties": {
                "value": {"type": "number"},
                "units": {"type": "string", "enum": ["Watts","Amps"]}
            }
        }
    }            
}

